no,category,query,intent,entities,t1_preprocessing,t2_nlp_inference,t3_draft_builder,total_config_a,t4_llm_guardrail,total_config_b,guardrail_verdict,draft_reply,final_reply
1,normal,berapa harga tiket masuk benteng kuto besak?,ask_ticket_price,{'DESTINATION': 'benteng kuto besak?'},4.67000063508749e-05,0.10097749996930361,0.0601844999473542,0.16120869992300868,0.8539285999722779,1.0151372998952866,PASS,Harga tiket masuk untuk Kawasan Benteng Kuto Besak (BKB) adalah: Rp 0 - Rp 5.000.,Harga tiket masuk untuk Kawasan Benteng Kuto Besak (BKB) adalah: Rp 0 - Rp 5.000.
2,normal,jam buka museum balaputradewa?,ask_operating_hours,{'CATEGORY': 'museum'},1.1200085282325745e-05,0.09694429999217391,1.4699995517730713e-05,0.09697020007297397,1.1036805000621825,1.2006507001351565,REVISED,Boleh beri tahu saya nama tempat wisatanya? Nanti saya carikan informasi jam bukanya.,"Museum Balaputra Dewa buka Selasa – Minggu, 08.00 – 15.30."
3,normal,fasilitas apa saja yang ada di punti kayu?,ask_facilities,{'LOCATION': 'punti kayu?'},2.4799956008791924e-05,0.0815658001229167,1.619989052414894e-05,0.08160679996944964,1.04326259996742,1.1248693999368697,REVISED,Boleh beri tahu saya nama tempat wisatanya? Nanti saya carikan informasi fasilitasnya.,"Fasilitas di Hutan Wisata Punti Kayu ada wahana permainan, kebun binatang mini, spot foto, gazebo, dan area parkir."
4,normal,apakah museum smb ii dekat lrt?,ask_lrt_destinations,{'CATEGORY': 'museum smbi'},5.9399986639618874e-05,0.09659989993087947,1.4699995517730713e-05,0.09667399991303682,1.169042200082913,1.2657161999959499,REVISED,"Transportasi LRT sangat efisien lho di Palembang! Sebutkan tempat wisatanya, nanti saya bantu carikan stasiun LRT terdekatnya.","Ya, Museum Sultan Mahmud Badaruddin II dekat dengan LRT."
5,normal,rekomendasi wisata sejarah di palembang dong,ask_category,{'CATEGORY': 'wisata sejarah'},5.4999953135848045e-05,0.11616230010986328,0.045645000180229545,0.16186230024322867,1.8732310000341386,2.0350933002773672,REVISED,"Wah, Anda tertarik dengan wisata sejarah ya? Pilihan yang bagus! Beberapa tempat populer adalah Museum AK. Gani, Museum Sultan Mahmud Badaruddin II, Monumen Perjuangan Rakyat (Monpera). Anda bisa melihat lebih banyak di menu 'Rekomendasi'.","Tentu, ini beberapa rekomendasi wisata sejarah di Palembang:
* Museum Balaputra Dewa
* Monumen Perjuangan Rakyat (Monpera)
* Makam Ki Gede Ing Suro
* Museum AK. Gani
* Museum Sultan Mahmud Badaruddin II
* Kawasan Benteng Kuto Besak (BKB)
* Jembatan Ampera
* Kampung Kapitan
* Taman Purbakala Kerajaan Sriwijaya"
6,normal,kasih tau wisata kuliner dong,ask_category,{'CATEGORY': 'wisata kuliner'},2.6399968191981316e-05,0.07898869994096458,0.041571700014173985,0.12058679992333055,1.4365530000068247,1.5571397999301553,REVISED,"Wah, Anda tertarik dengan wisata kuliner ya? Pilihan yang bagus! Beberapa tempat populer adalah Pempek Lala 26 Ilir, Toko Kopi Har, Kawasan Pasar 16 Ilir. Anda bisa melihat lebih banyak di menu 'Rekomendasi'.","Tentu, ini beberapa rekomendasi wisata kuliner di Palembang:
* Pempek Candy
* Toko Kopi Har
* Lorong Basah Night Culinary Market
* Kawasan Pasar 16 Ilir
* Pempek Lala 26 Ilir
* Restoran River Side
* RM Sri Melayu
* Martabak HAR"
7,trap,buka 24 jam,ask_operating_hours,{'TIME': '24 jam'},2.210005186498165e-05,0.06896579987369478,1.3199867680668831e-05,0.06900109979324043,0.8454768001101911,0.9144778999034315,REVISED,Boleh beri tahu saya nama tempat wisatanya? Nanti saya carikan informasi jam bukanya.,Boleh beri tahu saya nama tempat wisatanya? Saya akan bantu carikan informasi jam bukanya.
8,trap,rekomendasi wisata pantai alami,ask_category,{'CATEGORY': 'pantai'},5.249981768429279e-05,0.08806549990549684,0.04554859991185367,0.1336665996350348,0.9186927000992,1.0523592997342348,REVISED,"Aplikasi Pelesir Palembang memiliki beberapa kategori wisata: Sejarah, Budaya, Kuliner, Religi, dan Taman/Alam. Anda sedang tertarik ke kategori yang mana?","Palembang tidak memiliki pantai laut alami. Namun, kamu bisa menikmati suasana air di Sungai Musi atau mengunjungi Pulau Kemaro yang punya pemandangan unik."
9,trap,harganya brapa?,ask_ticket_price,{},1.4399876818060875e-05,0.07460819999687374,1.810002140700817e-05,0.0746406998950988,0.8982617000583559,0.9729023999534547,REVISED,Boleh beri tahu saya nama tempat wisatanya? Nanti saya carikan informasi harga tiketnya.,"Maaf, saya tidak tahu harga tiket yang Anda maksud. Bisakah Anda sebutkan nama tempat wisatanya?"
10,trap,ada fasilitas kolam renang ga disana?,ask_facilities,"{'CATEGORY': 'kolam renang', 'LOCATION': 'disana?'}",1.850002445280552e-05,0.07394760008901358,1.8399907276034355e-05,0.07398450002074242,1.6379487998783588,1.7119332998991013,REVISED,Boleh beri tahu saya nama tempat wisatanya? Nanti saya carikan informasi fasilitasnya.,"Fasilitas kolam renang ada di Hotel Aryaduta Palembang, Hotel Excelton Palembang, Hotel Grand Inna Daira Palembang, Hotel ibis Palembang Sanggar, favehotel Palembang, Hotel Swarna Dwipa Palembang, Hotel Harper Palembang, Hotel Santika Radial Palembang, The Zuri Palembang, Amaris Hotel Palembang, dan Novotel Palembang."
11,trap,aku mau tidur di smb,ask_unrelated,{'LOCATION': 'smb'},1.3799872249364853e-05,0.08248699991963804,2.1099811419844627e-05,0.08252189960330725,1.129094900097698,1.2116167997010052,REVISED,"Maaf, saya kurang paham maksud Anda. Saya adalah asisten wisata Palembang, Anda bisa bertanya seputar rekomendasi tempat, harga tiket, atau penginapan!","SMB itu Museum Sultan Mahmud Badaruddin II, bukan tempat tidur. Kalau mau menginap, ada beberapa hotel di dekat sana:
- Hotel Aryaduta Palembang
- Hotel Grand Inna Daira Palembang
- Hotel ibis Palembang Sanggar"
12,ood,tolong beritahu saya resep membuat pempek,ask_unrelated,{'CATEGORY': 'pempek'},3.0800001695752144e-05,0.08450930006802082,1.6600126400589943e-05,0.08455670019611716,1.1829433001112193,1.2675000003073364,REVISED,"Maaf, saya kurang paham maksud Anda. Saya adalah asisten wisata Palembang, Anda bisa bertanya seputar rekomendasi tempat, harga tiket, atau penginapan!","Maaf, ini adalah aplikasi pariwisata Palembang. Saya kurang mengerti maksud Anda. Ada yang bisa saya bantu seputar wisata Palembang?"
13,ood,siapa presiden prancis saat ini?,ask_unrelated,{'TIME': 'saat ini?'},3.519980236887932e-05,0.09715150017291307,1.619989052414894e-05,0.0972028998658061,0.8477143000345677,0.9449171999003738,REVISED,"Maaf, saya kurang paham maksud Anda. Saya adalah asisten wisata Palembang, Anda bisa bertanya seputar rekomendasi tempat, harga tiket, atau penginapan!","Maaf, ini adalah aplikasi pariwisata Palembang. Saya kurang mengerti maksud Anda. Ada yang bisa saya bantu seputar wisata Palembang?"
14,ood,bagaimana cuaca di palembang hari ini?,ask_unrelated,{'TIME': 'hari ini?'},3.429991193115711e-05,0.08314420003443956,1.5700003132224083e-05,0.08319419994950294,0.9601269999984652,1.0433211999479681,REVISED,"Maaf, saya kurang paham maksud Anda. Saya adalah asisten wisata Palembang, Anda bisa bertanya seputar rekomendasi tempat, harga tiket, atau penginapan!","Maaf, ini adalah aplikasi pariwisata Palembang. Saya kurang mengerti maksud Anda. Ada yang bisa saya bantu seputar wisata Palembang?"
15,ood,buatkan saya kode python,ask_unrelated,{},1.7999904230237007e-05,0.10011999984271824,1.600012183189392e-05,0.10015399986878037,0.8322616999503225,0.9324156998191029,PASS,"Maaf, saya kurang paham maksud Anda. Saya adalah asisten wisata Palembang, Anda bisa bertanya seputar rekomendasi tempat, harga tiket, atau penginapan!","Maaf, saya kurang paham maksud Anda. Saya adalah asisten wisata Palembang, Anda bisa bertanya seputar rekomendasi tempat, harga tiket, atau penginapan!"
