text,label
Halo,greet
Hai,greet
Selamat pagi,greet
Selamat siang,greet
Selamat sore,greet
Selamat malam,greet
Ping,greet
P,greet
Assalamualaikum,greet
Halo bot,greet
Hai chatbot,greet
Permisi,greet
Test,greet
Hai Jelajahi,greet
Halo admin,greet
Ada orang?,greet
Bot,greet
Hi,greet
Pagi,greet
Siang,greet
Sore,greet
Malam,greet
Halo aplikasi,greet
Hai teman,greet
Salam kenal,greet
Bisa bantu saya?,greet
Halo ada yang bisa dibantu?,greet
Test bot,greet
Cek,greet
Hai aplikasi Jelajahi,greet
Haii,greet
Halooo,greet
Selamat datang,greet
Bot pariwisata,greet
Hai admin,greet
Woy,greet
Halo Palembang,greet
Hai bot Palembang,greet
Assalamualaikum admin,greet
Salam,greet
Syalom,greet
Om swastiastu,greet
Namo buddhaya,greet
Halo sistem,greet
Bot aktif?,greet
Halo aplikasi wisata,greet
Selamat pagi bot,greet
Selamat siang admin,greet
Hai program,greet
Halo AI,greet
Rekomendasikan tempat wisata di Palembang,ask_recommendation
Tempat yang wajib dikunjungi apa saja?,ask_recommendation
Ada rekomendasi destinasi buat keluarga?,ask_recommendation
Kasih rekomendasi tempat jalan-jalan yang bagus dong,ask_recommendation
Ke mana ya enaknya akhir pekan ini?,ask_recommendation
Rekomendasi liburan di Palembang,ask_recommendation
Tempat wisata paling hits di Palembang,ask_recommendation
Tujuan wisata yang lagi viral sekarang,ask_recommendation
Beri saya saran tempat wisata,ask_recommendation
Rekomendasi dong,ask_recommendation
Kasih tau tempat wisata terbaik,ask_recommendation
Kalau baru pertama ke Palembang bagusnya ke mana?,ask_recommendation
Rekomendasi tempat foto yang instagramable,ask_recommendation
Spot wisata yang paling populer,ask_recommendation
Tempat jalan-jalan sore yang asik,ask_recommendation
Rekomendasi destinasi dong bot,ask_recommendation
Bagusnya liburan ke mana ya di Palembang?,ask_recommendation
Tolong sarankan tempat wisata,ask_recommendation
Rekomendasi wisata Palembang terbaru,ask_recommendation
Tempat wisata yang lagi rame apa ya?,ask_recommendation
Cari tempat wisata buat akhir pekan,ask_recommendation
Ada saran tempat liburan?,ask_recommendation
Boleh minta rekomendasi wisata?,ask_recommendation
Tempat paling ikonik di Palembang selain Ampera,ask_recommendation
Rekomendasi tempat santai di Palembang,ask_recommendation
Kasih ide liburan dong,ask_recommendation
Bingung mau ke mana ada saran?,ask_recommendation
Rekomendasi tempat rekreasi,ask_recommendation
Destinasi wisata unggulan Kota Palembang,ask_recommendation
Tempat yang cocok buat healing,ask_recommendation
Cari tempat wisata yang sejuk,ask_recommendation
Rekomendasi tempat nongkrong yang asik,ask_recommendation
Wisata apa yang bagus di sini?,ask_recommendation
Ada tempat yang menarik untuk dikunjungi?,ask_recommendation
Rekomendasi wisata bareng anak-anak,ask_recommendation
Tempat yang seru buat main bareng teman,ask_recommendation
Kasih daftar tempat wisata terbaik dong,ask_recommendation
Rekomendasi top 5 wisata Palembang,ask_recommendation
Tempat yang wajib didatengin turis,ask_recommendation
Tujuan liburan favorit di Palembang,ask_recommendation
Rekomendasi tempat wisata menarik,ask_recommendation
Saran destinasi untuk besok,ask_recommendation
Tempat wisata paling top,ask_recommendation
Beri rekomendasi destinasi yang keren,ask_recommendation
Rekomendasi dong tempat yang bagus,ask_recommendation
Cari tempat jalan-jalan di kota Palembang,ask_recommendation
Ada rekomendasi tempat ngedate?,ask_recommendation
Tempat wisata yang cocok buat anak muda,ask_recommendation
Saran tempat wisata yang ngga ngebosenin,ask_recommendation
Rekomendasi liburan singkat di Palembang,ask_recommendation
Apa saja wisata sejarah di Palembang?,ask_category
Cari tempat makan kuliner khas Palembang,ask_category
Di mana lokasi cabang RM Pagi Sore di Palembang?,ask_category
Rekomendasi wisata religi dong,ask_category
Tampilkan destinasi wisata alam,ask_category
Ada wisata olahraga selain Jakabaring?,ask_category
Cari tempat makan nasi goreng nusantara yang enak,ask_category
Daftar tempat wisata sejarah,ask_category
Wisata kuliner pempek di mana yang enak?,ask_category
Tolong cari wisata alam yang sejuk,ask_category
Rekomendasi kedai kopi susu lokal yang asik,ask_category
Bioskop PIM Palembang XXI ada di sebelah mana?,ask_category
Cari tempat wisata religi umat Buddha,ask_category
Tempat makan bakso rudal yang terkenal di mana?,ask_category
Ada wisata edukasi buat anak-anak?,ask_category
Tampilkan semua wisata sejarah,ask_category
Daftar wisata kuliner Palembang,ask_category
Cari taman hiburan di Palembang,ask_category
Wisata budaya di Palembang apa aja?,ask_category
Tempat wisata yang masuk kategori alam,ask_category
Kasih lihat daftar wisata religi,ask_category
Wisata olahraga di Palembang,ask_category
Rekomendasi tempat ngopi yang enak,ask_category
Cari museum bersejarah,ask_category
Tempat makan siang yang enak,ask_category
Wisata alam terbuka di Palembang,ask_category
Tempat ziarah atau wisata religi,ask_category
Daftar restoran padang yang legendaris,ask_category
Cari tempat nonton bioskop yang nyaman,ask_category
Wisata air atau sungai di Palembang,ask_category
Tempat wisata sejarah Kerajaan Sriwijaya,ask_category
Rekomendasi tempat kulineran malam,ask_category
Wisata alam yang banyak pohonnya,ask_category
Tempat wisata untuk olahraga pagi,ask_category
Kategori wisata sejarah,ask_category
Tolong filter wisata kuliner saja,ask_category
Hanya tampilkan wisata alam,ask_category
Cari destinasi wisata budaya lokal,ask_category
Rekomendasi tempat makan mie ayam,ask_category
Wisata taman kota di Palembang,ask_category
Daftar tempat ibadah bersejarah,ask_category
Cari wisata kuliner legendaris,ask_category
Wisata sejarah peninggalan Belanda,ask_category
Tempat beli oleh-oleh kuliner,ask_category
Wisata alam yang bisa buat piknik,ask_category
Cari tempat ngopi bernuansa alam,ask_category
Daftar tempat wisata olahraga dan atletik,ask_category
Wisata religi untuk umat Islam,ask_category
Cari tempat makan yang jual ayam cabe ijo,ask_category
Tampilkan kategori wisata edukasi,ask_category
Jam berapa Jembatan Ampera buka?,ask_operating_hours
Jadwal buka Museum SMB II,ask_operating_hours
Apakah Punti Kayu buka hari Minggu?,ask_operating_hours
Jam operasional Pulau Kemaro,ask_operating_hours
Benteng Kuto Besak tutup jam berapa?,ask_operating_hours
Waktu buka Jakabaring Sport City,ask_operating_hours
Masjid Agung Palembang buka 24 jam nggak?,ask_operating_hours
Info jam buka Al-Qur'an Al-Akbar,ask_operating_hours
Kambang Iwak buka dari jam berapa sampai jam berapa?,ask_operating_hours
Jam operasional museum Balaputra Dewa,ask_operating_hours
Hari libur nasional Punti Kayu tetep buka?,ask_operating_hours
Bukit Siguntang tutupnya jam berapa?,ask_operating_hours
Jadwal operasional LRT Palembang,ask_operating_hours
Jam buka Monpera Palembang,ask_operating_hours
Museum Sriwijaya buka hari apa aja?,ask_operating_hours
Kawasan 7 Ulu buka jam berapa enaknya didatengin?,ask_operating_hours
Jam operasional Kampung Kapitan,ask_operating_hours
Waktu operasional tempat wisata ini,ask_operating_hours
Buka jam berapa hari ini?,ask_operating_hours
Tutup jam berapa malam ini?,ask_operating_hours
Jam buka Jembatan Ampera untuk pejalan kaki,ask_operating_hours
Info jam tutup Pulau Kemaro,ask_operating_hours
Apakah Museum SMB II buka besok?,ask_operating_hours
Jadwal buka tutup Punti Kayu,ask_operating_hours
Jam operasional BKB Palembang,ask_operating_hours
Waktu operasional Masjid Cheng Ho,ask_operating_hours
Kambang iwak kalau pagi buka jam berapa?,ask_operating_hours
Jam buka wisata sejarah,ask_operating_hours
Apakah tempat ini buka setiap hari?,ask_operating_hours
Jam kerja pengelola wisata,ask_operating_hours
Info jadwal buka museum,ask_operating_hours
Jam berapa buka tiketnya?,ask_operating_hours
Waktu tutup lokasi wisata,ask_operating_hours
Batas waktu kunjungan sampai jam berapa?,ask_operating_hours
Jam operasional normalnya gimana?,ask_operating_hours
Buka jam berapa pas weekend?,ask_operating_hours
Tutup jam berapa hari minggu?,ask_operating_hours
Jadwal buka selama libur lebaran,ask_operating_hours
Info jam operasional lengkap,ask_operating_hours
Kapan tempat ini mulai buka?,ask_operating_hours
Bisa dikunjungi jam berapa saja?,ask_operating_hours
Apakah malam hari masih buka?,ask_operating_hours
Jam operasional paling pagi jam berapa?,ask_operating_hours
Jadwal tutup loket jam berapa?,ask_operating_hours
Buka nggak hari Senin?,ask_operating_hours
Jam operasional wisata alam,ask_operating_hours
Berapa lama tempat ini buka setiap harinya?,ask_operating_hours
Info waktu operasional destinasi,ask_operating_hours
Batas jam kunjungan terakhir,ask_operating_hours
Jadwal operasional tempat rekreasi,ask_operating_hours
Berapa harga tiket masuk Punti Kayu?,ask_ticket_price
Bayar berapa masuk Pulau Kemaro?,ask_ticket_price
HTM Museum SMB II berapa ya?,ask_ticket_price
Tiket masuk Jakabaring Sport City,ask_ticket_price
Ke Jembatan Ampera gratis atau bayar?,ask_ticket_price
Biaya masuk Bukit Siguntang,ask_ticket_price
Harga tiket Al-Qur'an Al-Akbar,ask_ticket_price
Berapa HTM ke Monpera?,ask_ticket_price
Tiket masuk Museum Balaputra Dewa,ask_ticket_price
Info harga tiket wisata sejarah,ask_ticket_price
Masuk BKB bayar nggak?,ask_ticket_price
Kambang Iwak ada tiket masuknya?,ask_ticket_price
Berapa biaya masuk ke Kampung Kapitan?,ask_ticket_price
Harga tiket LRT Palembang,ask_ticket_price
HTM tempat wisata alam,ask_ticket_price
Tiket masuk untuk anak-anak berapa?,ask_ticket_price
Ada diskon tiket masuk pelajar?,ask_ticket_price
Biaya parkir dan tiket masuk,ask_ticket_price
Harga tiket masuk weekend sama hari biasa beda nggak?,ask_ticket_price
Rincian biaya masuk wisata,ask_ticket_price
Butuh budget berapa untuk tiketnya?,ask_ticket_price
Harga tiket paling murah,ask_ticket_price
Tarif masuk lokasi wisata,ask_ticket_price
Info HTM terbaru,ask_ticket_price
Berapa rupiah tiket masuknya?,ask_ticket_price
Tiket masuknya mahal nggak?,ask_ticket_price
Biaya retribusi masuk wisata,ask_ticket_price
Harga tiket masuk rombongan,ask_ticket_price
HTM libur nasional,ask_ticket_price
Daftar harga tiket wisata Palembang,ask_ticket_price
Masuk ke sana bayar tiket berapa?,ask_ticket_price
Tarif masuk untuk turis asing,ask_ticket_price
Berapa harga karcis masuk?,ask_ticket_price
Info biaya tiket dan fasilitas,ask_ticket_price
Harga tiket masuk wisata religi,ask_ticket_price
Biaya masuk tempat bersejarah,ask_ticket_price
Berapa htm ke tempat ini?,ask_ticket_price
Cek harga tiket masuk dong,ask_ticket_price
Tolong info tarif masuk,ask_ticket_price
Masuk gratis apa bayar?,ask_ticket_price
Biaya akses masuk,ask_ticket_price
Harga tiket pas akhir pekan,ask_ticket_price
Berapa duit buat beli tiket?,ask_ticket_price
HTM tempat wisata keluarga,ask_ticket_price
Harga tiket masuk Punti Kayu terbaru,ask_ticket_price
Berapa harga tiket masuknya?,ask_ticket_price
Info harga tiket dong,ask_ticket_price
Biaya masuk per orang berapa?,ask_ticket_price
Tarif tiket masuk dewasa,ask_ticket_price
Berapa HTM destinasi ini?,ask_ticket_price
Bagaimana cara ke Jembatan Ampera?,ask_location_access
Rute menuju Pulau Kemaro dari bandara,ask_location_access
Alamat lengkap Museum SMB II,ask_location_access
Cara pergi ke Punti Kayu naik angkot,ask_location_access
Lokasi Jakabaring Sport City di mana?,ask_location_access
Akses jalan ke Bukit Siguntang,ask_location_access
Tolong kasih rute ke Al-Qur'an Al-Akbar,ask_location_access
Petunjuk arah ke Benteng Kuto Besak,ask_location_access
Gimana cara ke Monpera?,ask_location_access
Alamat Museum Balaputra Dewa dong,ask_location_access
Rute tercepat ke Kambang Iwak,ask_location_access
Lokasi Masjid Agung Palembang,ask_location_access
Cara menyeberang ke Kampung Kapitan,ask_location_access
Akses menuju lokasi wisata,ask_location_access
Naik transportasi apa ke sana?,ask_location_access
Letaknya di daerah mana ya?,ask_location_access
Alamat detailnya tolong,ask_location_access
Rute jalan ke tempat wisata,ask_location_access
Panduan arah ke lokasi,ask_location_access
Cara akses ke destinasi ini,ask_location_access
Lokasinya dekat dari mana?,ask_location_access
Patokan jalannya apa?,ask_location_access
Arah ke tempat wisata,ask_location_access
Gimana caranya sampai ke sana?,ask_location_access
Tolong share rute lokasi,ask_location_access
Akses jalannya bagus nggak?,ask_location_access
Bisa dilewatin mobil nggak jalannya?,ask_location_access
Transportasi umum ke sana ada?,ask_location_access
Letak persisnya di sebelah mana?,ask_location_access
Rute dari stasiun kereta,ask_location_access
Cara ke sana dari pusat kota,ask_location_access
Alamat lokasinya dong,ask_location_access
Titik lokasinya di mana?,ask_location_access
Panduan rute untuk motor,ask_location_access
Cara gampang ke sana,ask_location_access
Akses kendaraan ke tempat wisata,ask_location_access
Rute alternatif ke lokasi,ask_location_access
Jaraknya jauh nggak dari Ampera?,ask_location_access
Alamat tempat wisata sejarah,ask_location_access
Cara menjangkau lokasi,ask_location_access
Petunjuk jalan pakai Google Maps,ask_location_access
Naik ojek online bisa ke sana?,ask_location_access
Lokasi tepatnya di mana?,ask_location_access
Akses masuk ke tempat wisata,ask_location_access
Rute perjalanan ke destinasi,ask_location_access
Cara menuju lokasi liburan,ask_location_access
Alamat tempat rekreasi,ask_location_access
Panduan transportasi ke sana,ask_location_access
Info rute dan alamat,ask_location_access
Cara sampai ke tujuan,ask_location_access
Letak destinasi wisata,ask_location_access
Akses jalan menuju tempat wisata,ask_location_access
Apakah di Punti Kayu ada toilet umum?,ask_facilities
Fasilitas yang ada di Pulau Kemaro apa aja?,ask_facilities
Di Museum SMB II ada mushola nggak?,ask_facilities
Tempat parkir di Jakabaring luas gak?,ask_facilities
Ada tempat makan di sekitar Benteng Kuto Besak?,ask_facilities
Fasilitas di Jembatan Ampera,ask_facilities
Apakah ada kursi roda untuk lansia di museum?,ask_facilities
Fasilitas ibadah di lokasi wisata,ask_facilities
Di sana ada pusat informasi nggak?,ask_facilities
Ada penyewaan sepeda di Kambang Iwak?,ask_facilities
Fasilitas umum di Al-Qur'an Al-Akbar,ask_facilities
Tersedia loker penitipan barang?,ask_facilities
Fasilitas wisata di Bukit Siguntang,ask_facilities
Ada gazebo buat istirahat?,ask_facilities
Fasilitas kesehatan atau P3K ada?,ask_facilities
Kamar mandinya bersih nggak?,ask_facilities
Fasilitas parkir mobil aman?,ask_facilities
Ada wifi gratis nggak di sana?,ask_facilities
Fasilitas pendukung di tempat wisata,ask_facilities
Apakah ada tempat ganti baju?,ask_facilities
Fasilitas untuk anak-anak ada?,ask_facilities
Di dalam ada warung jajan?,ask_facilities
Tersedia ATM terdekat?,ask_facilities
Fasilitas kebersihan di lokasi,ask_facilities
Info fasilitas lengkap dong,ask_facilities
Ada tempat penitipan helm?,ask_facilities
Fasilitas di area wisata alam,ask_facilities
Tersedia spot foto khusus?,ask_facilities
Ada pemandu wisatanya (tour guide)?,ask_facilities
Fasilitas untuk difabel,ask_facilities
Info ketersediaan toilet,ask_facilities
Fasilitas mushola dan tempat wudhu,ask_facilities
Ada ruang menyusui (nursery room)?,ask_facilities
Fasilitas parkir bus pariwisata,ask_facilities
Di sana ada tempat duduk santai?,ask_facilities
Fasilitas tempat sampah cukup banyak?,ask_facilities
Ada toko souvenir di dalam?,ask_facilities
Fasilitas keamanan di tempat wisata,ask_facilities
Tersedia colokan listrik buat ngecas?,ask_facilities
Fasilitas air bersih ada?,ask_facilities
Info fasilitas publik di sana,ask_facilities
Ada penjaga pantainya nggak?,ask_facilities
Fasilitas sewa tikar ada?,ask_facilities
Kelengkapan fasilitas wisata,ask_facilities
Apakah fasilitasnya terawat?,ask_facilities
Fasilitas pendukung rekreasi,ask_facilities
Ada pusat informasi turis?,ask_facilities
Info fasilitas parkir motor,ask_facilities
Fasilitas mushola bersih?,ask_facilities
Ketersediaan fasilitas umum,ask_facilities
Ada hidden gems di Palembang nggak?,ask_hidden_gems
Rekomendasi tempat wisata tersembunyi dong,ask_hidden_gems
Tempat wisata yang belum banyak orang tahu,ask_hidden_gems
Hidden gem wisata alam di Palembang,ask_hidden_gems
Cari tempat sepi buat healing di Palembang,ask_hidden_gems
Wisata anti mainstream di Palembang,ask_hidden_gems
Tempat rahasia yang bagus buat foto,ask_hidden_gems
Rekomendasi hidden gems kuliner,ask_hidden_gems
Destinasi wisata yang jarang dikunjungi turis,ask_hidden_gems
Tempat wisata unik yang belum viral,ask_hidden_gems
Ada spot wisata rahasia?,ask_hidden_gems
Cari tempat hidden gem,ask_hidden_gems
Wisata yang sepi pengunjung tapi bagus,ask_hidden_gems
Rekomendasi tempat wisata lokal yang autentik,ask_hidden_gems
Hidden gem Palembang yang wajib dikunjungi,ask_hidden_gems
Tempat wisata tersembunyi untuk akhir pekan,ask_hidden_gems
Wisata alam yang masih asri dan sepi,ask_hidden_gems
Ada rekomendasi tempat anti mainstream?,ask_hidden_gems
Tempat yang cocok buat menyendiri,ask_hidden_gems
Hidden gem di tengah kota Palembang,ask_hidden_gems
Destinasi wisata rahasia Palembang,ask_hidden_gems
Tempat estetik yang belum banyak tau,ask_hidden_gems
Cari lokasi hidden gem,ask_hidden_gems
Wisata hidden gems yang aksesnya gampang,ask_hidden_gems
Tempat wisata yang masih perawan,ask_hidden_gems
Ada spot foto hidden gem?,ask_hidden_gems
Rekomendasi wisata rahasia dong,ask_hidden_gems
Tempat yang belum masuk buku panduan wisata,ask_hidden_gems
Hidden gem yang deket dari kota,ask_hidden_gems
Cari wisata tersembunyi yang bagus,ask_hidden_gems
Tempat liburan yang ngga terlalu rame,ask_hidden_gems
Destinasi anti mainstream Palembang,ask_hidden_gems
Hidden gem buat nongkrong,ask_hidden_gems
Wisata sejarah yang jarang dilirik,ask_hidden_gems
Tempat tersembunyi yang pemandangannya indah,ask_hidden_gems
Rekomendasi spot rahasia di Palembang,ask_hidden_gems
Cari tempat yang ngga banyak turisnya,ask_hidden_gems
Wisata hidden gem untuk keluarga,ask_hidden_gems
Ada destinasi tersembunyi nggak?,ask_hidden_gems
Tempat yang masih jarang terekspos,ask_hidden_gems
Rekomendasi tempat tersembunyi yang murah,ask_hidden_gems
Hidden gem di pinggiran Palembang,ask_hidden_gems
Cari wisata yang tenang,ask_hidden_gems
Tempat jalan-jalan yang belum populer,ask_hidden_gems
Wisata hidden gem yang wajib didatangi,ask_hidden_gems
Ada tempat wisata rahasia yang seru?,ask_hidden_gems
Rekomendasi spot tersembunyi,ask_hidden_gems
Destinasi yang masih sepi,ask_hidden_gems
Tempat bagus yang ngga pasaran,ask_hidden_gems
Cari hidden gem terdekat,ask_hidden_gems
Aplikasinya ngebantu banget buat jalan-jalan,provide_feedback
UI aplikasinya rapi banget persis desain Figma saya,provide_feedback
Chatbotnya pinter banget ngasih rekomendasi,provide_feedback
Fitur itinerary builder-nya sangat berguna,provide_feedback
Bagus aplikasinya informasinya lengkap,provide_feedback
App ini sangat memudahkan cari tempat wisata,provide_feedback
Keren aplikasinya UI/UX nya mulus,provide_feedback
Loading chatbotnya agak lambat ya,provide_feedback
Tolong tambahin lebih banyak hidden gems,provide_feedback
Suka banget sama fitur dark mode-nya,provide_feedback
Aplikasi Jelajahi ini mantap banget,provide_feedback
Sangat terbantu dengan info dari chatbot,provide_feedback
Aplikasi yang bagus untuk turis,provide_feedback
Cukup informatif aplikasinya,provide_feedback
Respons chatbotnya sangat cepat,provide_feedback
Desain card destinasinya menarik,provide_feedback
Fitur peta interaktifnya akurat,provide_feedback
Sangat suka dengan aplikasi ini,provide_feedback
Membantu banget pas liburan ke Palembang,provide_feedback
Informasi harga tiketnya sangat akurat,provide_feedback
Terima kasih aplikasinya berguna,provide_feedback
Saran aja fotonya dibikin lebih HD,provide_feedback
Aplikasi pariwisata terbaik sejauh ini,provide_feedback
"Bagus, tapi kadang chatbotnya salah jawab",provide_feedback
Aplikasi ini wajib di-download buat yang ke Palembang,provide_feedback
UI nya simpel dan gampang dipake,provide_feedback
Fitur ulasannya ngebantu milih destinasi,provide_feedback
Keren bisa ngenalin bahasa gaul juga,provide_feedback
Sangat puas menggunakan aplikasi ini,provide_feedback
Informasi jam bukanya sangat pas,provide_feedback
Aplikasi ini recommended banget,provide_feedback
Chatbotnya ramah dan solutif,provide_feedback
Bagus banget buat cari info wisata,provide_feedback
Membantu saya merencanakan liburan,provide_feedback
Aplikasi yang sangat inovatif,provide_feedback
Suka dengan fitur terjemahan bahasanya,provide_feedback
Aplikasi pariwisata yang sangat lengkap,provide_feedback
Sangat memudahkan backpacker,provide_feedback
UI/UX aplikasinya juara,provide_feedback
Informasi destinasinya sangat up to date,provide_feedback
Sangat terkesan dengan chatbot AI ini,provide_feedback
Aplikasi yang sangat bermanfaat,provide_feedback
Fitur pencariannya cepat dan tepat,provide_feedback
Sangat membantu keliling Palembang,provide_feedback
Aplikasinya ringan dan ngga lemot,provide_feedback
Bagus sekali inovasinya,provide_feedback
Membantu turis lokal maupun asing,provide_feedback
Aplikasi ini sangat user-friendly,provide_feedback
Pengalaman pakai aplikasinya menyenangkan,provide_feedback
Aplikasi yang sangat direkomendasikan,provide_feedback
Terima kasih infonya,goodbye
Makasih banyak bot,goodbye
"Oke, terima kasih",goodbye
Makasih,goodbye
"Sip, makasih ya",goodbye
Thanks,goodbye
Thank you bot,goodbye
Makasih chatbot,goodbye
Sampai jumpa,goodbye
Bye,goodbye
Dadah,goodbye
Oke deh makasih,goodbye
Terima kasih bantuannya,goodbye
Sangat membantu terima kasih,goodbye
"Baik, terima kasih infonya",goodbye
Yaudah makasih,goodbye
Makasih banyak ya,goodbye
Terima kasih admin,goodbye
Oke thanks info nya,goodbye
Tq,goodbye
Thx,goodbye
Makasih infonya berguna banget,goodbye
Oke bye,goodbye
Sampai ketemu lagi,goodbye
"Terima kasih, selamat siang",goodbye
Makasih ya bot yang pintar,goodbye
"Sip infonya lengkap, makasih",goodbye
Terima kasih atas sarannya,goodbye
Oke makasih rekomendasi nya,goodbye
Makasih banyak admin bot,goodbye
Terima kasih Jelajahi,goodbye
Oke saya pamit dulu,goodbye
Makasih ya informasinya,goodbye
Terima kasih sudah menjawab,goodbye
"Terima kasih, sangat informatif",goodbye
"Makasih bot, sampai jumpa",goodbye
Baiklah terima kasih,goodbye
Terima kasih panduannya,goodbye
Makasih banyak atas bantuannya,goodbye
"Oke cukup, terima kasih",goodbye
Terima kasih dan sampai jumpa,goodbye
Makasih yaaa,goodbye
Thanks a lot,goodbye
Matur nuwun,goodbye
Terima kasih banyak,goodbye
Oke sip terima kasih,goodbye
Terima kasih infonya bot,goodbye
Makasih banyak yaa,goodbye
Terima kasih selamat malam,goodbye
Makasih atas waktunya,goodbye
Tolong jelaskan sejarah Benteng Kuto Besak,ask_destination_info
Beri tahu saya informasi tentang Pulau Kemaro,ask_destination_info
Apa saja yang ada di Museum SMB II?,ask_destination_info
Bisa ceritakan tentang Masjid Agung Palembang?,ask_destination_info
Saya butuh detail tentang Taman Punti Kayu,ask_destination_info
Info lengkap kawasan Jakabaring dong,ask_destination_info
Ada apa saja di sekitar Monpera?,ask_destination_info
Tolong deskripsikan Jembatan Ampera,ask_destination_info
Jelaskan latar belakang Al-Qur'an raksasa Al-Akbar,ask_destination_info
Berikan ulasan tentang Kampung Kapitan,ask_destination_info
Kasih info soal sejarah Jembatan Ampera dong,ask_destination_info
Pulau Kemaro itu tempat apa sih?,ask_destination_info
Di Benteng Kuto Besak bisa ngapain aja?,ask_destination_info
Museum Balaputra Dewa isinya apa aja ya?,ask_destination_info
Taman Punti Kayu itu wisata alam ya?,ask_destination_info
Ceritain dikit soal Masjid Cheng Ho Palembang,ask_destination_info
Jakabaring Sport City itu isinya apa aja?,ask_destination_info
Ada info soal Taman Kambang Iwak?,ask_destination_info
Kasih tau saya tentang Bukit Siguntang,ask_destination_info
Museum Sriwijaya itu gimana tempatnya?,ask_destination_info
Apa yang menarik dari Pulau Kemaro?,ask_destination_info
Daya tarik utama Benteng Kuto Besak apa ya?,ask_destination_info
Kenapa orang sering ke Jembatan Ampera?,ask_destination_info
Hal seru apa yang bisa dilakukan di Punti Kayu?,ask_destination_info
Fakta menarik tentang Masjid Agung dong,ask_destination_info
Apa istimewanya Al-Qur'an Al-Akbar?,ask_destination_info
Bisa jelasin keunikan Kampung Arab Al-Munawar?,ask_destination_info
Apa saja koleksi di Museum SMB II?,ask_destination_info
Kenapa harus mampir ke Kambang Iwak?,ask_destination_info
Kegiatan apa yang bisa dilakukan di Jakabaring?,ask_destination_info
Info Pulau Kemaro.,ask_destination_info
Detail Jembatan Ampera.,ask_destination_info
Sejarah Benteng Kuto Besak.,ask_destination_info
Tentang Museum SMB II.,ask_destination_info
Deskripsi Punti Kayu.,ask_destination_info
Penjelasan Masjid Agung Palembang.,ask_destination_info
Info wisata Bukit Siguntang.,ask_destination_info
Detail Kampung Kapitan.,ask_destination_info
Sejarah Monpera.,ask_destination_info
Tentang Al-Qur'an Raksasa.,ask_destination_info
Eh ada apa aja sih di Pulau Kemaro?,ask_destination_info
Kalo ke Ampera bagusnya ngapain ya?,ask_destination_info
BKB itu tempat nongkrong bukan sih?,ask_destination_info
Punti kayu itu kayak hutan pinus gitu ya?,ask_destination_info
Di Jakabaring ada wisata apa aja emang?,ask_destination_info
Mau tau banget soal sejarah Masjid Agung.,ask_destination_info
Penasaran sama isi Museum Sultan Mahmud Badaruddin.,ask_destination_info
Spill info tentang wisata Kambang Iwak dong.,ask_destination_info
Ceritain dong asal usul Pulau Kemaro.,ask_destination_info
Kasih ringkasan soal Monumen Perjuangan Rakyat.,ask_destination_info
Wisata yang deket stasiun LRT mana aja?,ask_lrt_destinations
Bisa kasih tau tempat wisata yang dilewatin LRT?,ask_lrt_destinations
Destinasi wisata Palembang yang bisa naik LRT,ask_lrt_destinations
Kalau mau jalan-jalan naik LRT turun di mana aja?,ask_lrt_destinations
Stasiun LRT yang dekat tempat wisata,ask_lrt_destinations
Rekomendasi tempat liburan yang bisa diakses LRT,ask_lrt_destinations
Ada wisata sejarah yang deket jalur LRT nggak?,ask_lrt_destinations
Mau keliling Palembang naik LRT tujuannya apa aja?,ask_lrt_destinations
Wisata keluarga yang deket stasiun LRT,ask_lrt_destinations
Daftar destinasi wisata LRT Palembang,ask_lrt_destinations
Cara ke tempat wisata pakai LRT,ask_lrt_destinations
Turun di stasiun mana kalau mau ke Ampera?,ask_lrt_destinations
Stasiun LRT terdekat dari Jakabaring,ask_lrt_destinations
Wisata kuliner yang bisa dicapai dengan LRT,ask_lrt_destinations
Tempat nongkrong deket stasiun LRT,ask_lrt_destinations
Naik LRT ke Benteng Kuto Besak turun dimana?,ask_lrt_destinations
Akses LRT ke Punti Kayu,ask_lrt_destinations
Wisata Palembang rute LRT,ask_lrt_destinations
Jalan-jalan murah naik LRT ke mana enaknya?,ask_lrt_destinations
Info wisata sekitar stasiun LRT,ask_lrt_destinations
Ada nggak wisata alam yang deket LRT?,ask_lrt_destinations
Destinasi yang gampang dijangkau LRT,ask_lrt_destinations
Tempat hits Palembang deket LRT,ask_lrt_destinations
Panduan wisata naik LRT Palembang,ask_lrt_destinations
LRT Palembang lewat tempat wisata apa aja?,ask_lrt_destinations
Stasiun bumi sriwijaya dekat wisata apa?,ask_lrt_destinations
Rute LRT yang melewati tempat bersejarah,ask_lrt_destinations
Kemana saja naik LRT di Palembang,ask_lrt_destinations
Wisata belanja yang deket stasiun LRT,ask_lrt_destinations
Naik LRT ke Museum SMB II,ask_lrt_destinations
Akses transportasi LRT ke tempat wisata,ask_lrt_destinations
Daftar halte LRT dan tempat wisata terdekat,ask_lrt_destinations
Keliling kota naik LRT mampir kemana ya?,ask_lrt_destinations
Wisata religi yang deket jalur LRT,ask_lrt_destinations
Dari stasiun LRT bandara bisa ke wisata mana?,ask_lrt_destinations
Destinasi favorit pengguna LRT,ask_lrt_destinations
Tempat wisata ramah anak deket LRT,ask_lrt_destinations
Jadwal LRT dan lokasi wisata,ask_lrt_destinations
Turun stasiun ampera bisa ke mana aja?,ask_lrt_destinations
Lokasi wisata palembang via LRT,ask_lrt_destinations
Naik kereta LRT ke tempat wisata,ask_lrt_destinations
Wisata tersembunyi dekat stasiun LRT,ask_lrt_destinations
Rekomendasi jalan-jalan sore naik LRT,ask_lrt_destinations
Spot foto bagus deket jalur LRT,ask_lrt_destinations
Transportasi LRT untuk wisatawan,ask_lrt_destinations
Wisata kuliner pempek dekat stasiun LRT,ask_lrt_destinations
Jangkauan LRT ke tempat rekreasi,ask_lrt_destinations
Stasiun DJKA dekat dengan wisata apa?,ask_lrt_destinations
Akses mudah wisata Palembang dengan LRT,ask_lrt_destinations
Tempat wisata yang wajib dikunjungi via LRT,ask_lrt_destinations
Hello,greet
Hi,greet
Hey,greet
Good morning,greet
Good afternoon,greet
Good evening,greet
Hi there,greet
Hello bot,greet
Greetings,greet
Hey chatbot,greet
Hi admin,greet
Hello Jelajahi,greet
Is anyone there?,greet
Testing,greet
Test,greet
Yo,greet
Hi Palembang,greet
Hello tourism bot,greet
Good day,greet
Morning,greet
Afternoon,greet
Evening,greet
Hi app,greet
Hello friend,greet
Nice to meet you,greet
Can you help me?,greet
Hello anyone here,greet
Test bot,greet
Check,greet
Hi Jelajahi app,greet
Hiii,greet
Hellooo,greet
Welcome,greet
Tourism bot,greet
Hey admin,greet
What's up,greet
Hello Palembang city,greet
Hi Palembang bot,greet
Greetings admin,greet
Salutations,greet
Aloha,greet
Hola,greet
Howdy,greet
Hello system,greet
Bot active?,greet
Hello tourism app,greet
Good morning bot,greet
Good afternoon admin,greet
Hi program,greet
Hello AI,greet
Recommend places to visit in Palembang,ask_recommendation
What are the must-visit places?,ask_recommendation
Any recommendations for family destinations?,ask_recommendation
Give me some good places to hang out,ask_recommendation
Where should I go this weekend?,ask_recommendation
Palembang holiday recommendations,ask_recommendation
Most popular tourist spots in Palembang,ask_recommendation
Trending tourist destinations right now,ask_recommendation
Give me some tourist spot suggestions,ask_recommendation
Recommendations please,ask_recommendation
Tell me the best tourist attractions,ask_recommendation
Where should a first-timer go in Palembang?,ask_recommendation
Recommend instagrammable photo spots,ask_recommendation
The most popular tourist spots,ask_recommendation
Nice places for an afternoon walk,ask_recommendation
Destination recommendations bot,ask_recommendation
Where is the best place for a vacation in Palembang?,ask_recommendation
Please suggest a tourist spot,ask_recommendation
Latest Palembang tourism recommendations,ask_recommendation
What places are crowded right now?,ask_recommendation
Looking for weekend getaway spots,ask_recommendation
Any holiday suggestions?,ask_recommendation
Can I get some tourism recommendations?,ask_recommendation
Most iconic places in Palembang besides Ampera,ask_recommendation
Recommend relaxing places in Palembang,ask_recommendation
Give me some holiday ideas,ask_recommendation
Confused about where to go any suggestions?,ask_recommendation
Recreation place recommendations,ask_recommendation
Top tourist destinations in Palembang city,ask_recommendation
Places suitable for healing,ask_recommendation
Looking for cool and breezy tourist spots,ask_recommendation
Recommend a fun place to hang out,ask_recommendation
What tourism is good here?,ask_recommendation
Any interesting places to visit?,ask_recommendation
Recommend places to visit with kids,ask_recommendation
Fun places to hang out with friends,ask_recommendation
Give me a list of the best tourist spots,ask_recommendation
Top 5 Palembang tourism recommendations,ask_recommendation
Must-visit places for tourists,ask_recommendation
Favorite holiday destinations in Palembang,ask_recommendation
Recommend interesting tourist attractions,ask_recommendation
Suggestions for tomorrow's destination,ask_recommendation
Top tier tourist spots,ask_recommendation
Give me cool destination recommendations,ask_recommendation
Recommend me a nice place,ask_recommendation
Looking for places to stroll around Palembang city,ask_recommendation
Any date spot recommendations?,ask_recommendation
Tourist spots suitable for young people,ask_recommendation
Suggestions for places that aren't boring,ask_recommendation
Recommendations for a short getaway in Palembang,ask_recommendation
Please explain the history of Benteng Kuto Besak,ask_destination_info
Tell me information about Kemaro Island,ask_destination_info
What is inside the SMB II Museum?,ask_destination_info
Can you tell me about the Palembang Grand Mosque?,ask_destination_info
I need details about Punti Kayu Park,ask_destination_info
Give me full info on the Jakabaring area,ask_destination_info
What is around Monpera?,ask_destination_info
Please describe the Ampera Bridge,ask_destination_info
Explain the background of the Al-Akbar Giant Quran,ask_destination_info
Give me a review of Kampung Kapitan,ask_destination_info
Give me info about the history of Ampera Bridge,ask_destination_info
What kind of place is Kemaro Island?,ask_destination_info
What can I do at Benteng Kuto Besak?,ask_destination_info
What's inside the Balaputra Dewa Museum?,ask_destination_info
Is Punti Kayu a nature tourism spot?,ask_destination_info
Tell me a bit about the Cheng Ho Mosque Palembang,ask_destination_info
What is inside Jakabaring Sport City?,ask_destination_info
Any info about Kambang Iwak Park?,ask_destination_info
Tell me about Siguntang Hill,ask_destination_info
What is the Sriwijaya Museum like?,ask_destination_info
What's interesting about Kemaro Island?,ask_destination_info
What is the main attraction of Benteng Kuto Besak?,ask_destination_info
Why do people often visit Ampera Bridge?,ask_destination_info
What fun things can be done at Punti Kayu?,ask_destination_info
Give me interesting facts about the Grand Mosque,ask_destination_info
What is special about the Al-Akbar Quran?,ask_destination_info
Can you explain the uniqueness of Al-Munawar Arab Village?,ask_destination_info
What are the collections in the SMB II Museum?,ask_destination_info
Why should I visit Kambang Iwak?,ask_destination_info
What activities can be done in Jakabaring?,ask_destination_info
Kemaro Island info.,ask_destination_info
Ampera Bridge details.,ask_destination_info
History of Benteng Kuto Besak.,ask_destination_info
About the SMB II Museum.,ask_destination_info
Description of Punti Kayu.,ask_destination_info
Explanation of Palembang Grand Mosque.,ask_destination_info
Siguntang Hill tourism info.,ask_destination_info
Kampung Kapitan details.,ask_destination_info
History of Monpera.,ask_destination_info
About the Giant Quran.,ask_destination_info
What exactly is on Kemaro Island?,ask_destination_info
What's good to do when visiting Ampera?,ask_destination_info
Is BKB a hangout spot?,ask_destination_info
Is Punti Kayu like a pine forest?,ask_destination_info
What tourist attractions are in Jakabaring?,ask_destination_info
I really want to know the history of the Grand Mosque.,ask_destination_info
Curious about the contents of the Sultan Mahmud Badaruddin Museum.,ask_destination_info
Spill info about Kambang Iwak tourism please.,ask_destination_info
Tell me the origin of Kemaro Island.,ask_destination_info
Give me a summary of the People's Struggle Monument.,ask_destination_info
What are the historical tourism spots in Palembang?,ask_category
Looking for authentic Palembang culinary spots,ask_category
Where is the branch of RM Pagi Sore in Palembang?,ask_category
Recommend some religious tourism places,ask_category
Show me nature tourism destinations,ask_category
Are there sports tourism places besides Jakabaring?,ask_category
Looking for a place that sells good nusantara fried rice,ask_category
List of historical tourist attractions,ask_category
Where can I find delicious pempek culinary spots?,ask_category
Please find a cool nature tourism spot,ask_category
Recommend a nice local iced coffee shop,ask_category
Where is the PIM Palembang XXI cinema located?,ask_category
Looking for Buddhist religious tourist spots,ask_category
Where is the famous meatball place?,ask_category
Are there educational tours for kids?,ask_category
Show all historical tourism places,ask_category
List of Palembang culinary tourism,ask_category
Looking for amusement parks in Palembang,ask_category
What are the cultural tours in Palembang?,ask_category
Tourist spots categorized as nature,ask_category
Show me the list of religious tourism,ask_category
Sports tourism in Palembang,ask_category
Recommend a good coffee shop,ask_category
Look for historical museums,ask_category
Good places for lunch,ask_category
Outdoor nature tourism in Palembang,ask_category
Pilgrimage or religious tourism places,ask_category
List of legendary Padang restaurants,ask_category
Looking for a comfortable cinema,ask_category
Water or river tourism in Palembang,ask_category
Historical tourist spots of the Sriwijaya Kingdom,ask_category
Recommendations for late-night culinary spots,ask_category
Nature tourism with lots of trees,ask_category
Tourist places for morning sports,ask_category
Historical tourism category,ask_category
Please filter by culinary tourism only,ask_category
Show only nature tourism,ask_category
Looking for local cultural tourism destinations,ask_category
Recommendations for chicken noodle places,ask_category
City park tourism in Palembang,ask_category
List of historical places of worship,ask_category
Looking for legendary culinary tourism,ask_category
Dutch colonial historical tourism,ask_category
Places to buy culinary souvenirs,ask_category
Nature tourism suitable for picnics,ask_category
Looking for a coffee shop with a nature vibe,ask_category
List of sports and athletic tourist spots,ask_category
Religious tourism for Muslims,ask_category
Looking for a place that sells green chili fried chicken,ask_category
Show the educational tourism category,ask_category
What time does Ampera Bridge open?,ask_operating_hours
Opening schedule of SMB II Museum,ask_operating_hours
Is Punti Kayu open on Sundays?,ask_operating_hours
Operating hours of Kemaro Island,ask_operating_hours
What time does Benteng Kuto Besak close?,ask_operating_hours
Opening hours of Jakabaring Sport City,ask_operating_hours
Is the Palembang Grand Mosque open 24 hours?,ask_operating_hours
Info on opening hours of Al-Akbar Quran,ask_operating_hours
From what time to what time is Kambang Iwak open?,ask_operating_hours
Operating hours of Balaputra Dewa Museum,ask_operating_hours
Is Punti Kayu still open on national holidays?,ask_operating_hours
What time does Siguntang Hill close?,ask_operating_hours
Operating schedule of Palembang LRT,ask_operating_hours
Opening hours of Monpera Palembang,ask_operating_hours
What days is the Sriwijaya Museum open?,ask_operating_hours
What time is best to visit the 7 Ulu area?,ask_operating_hours
Operating hours of Kampung Kapitan,ask_operating_hours
Operational time of this tourist spot,ask_operating_hours
What time does it open today?,ask_operating_hours
What time does it close tonight?,ask_operating_hours
Opening hours of Ampera Bridge for pedestrians,ask_operating_hours
Info on closing time of Kemaro Island,ask_operating_hours
Is the SMB II Museum open tomorrow?,ask_operating_hours
Opening and closing schedule of Punti Kayu,ask_operating_hours
Operating hours of BKB Palembang,ask_operating_hours
Operational time of Cheng Ho Mosque,ask_operating_hours
What time does Kambang Iwak open in the morning?,ask_operating_hours
Opening hours of historical tourism,ask_operating_hours
Is this place open every day?,ask_operating_hours
Working hours of tourism management,ask_operating_hours
Info on museum opening schedule,ask_operating_hours
What time does the ticket booth open?,ask_operating_hours
Closing time of the tourist location,ask_operating_hours
What is the visiting time limit?,ask_operating_hours
What are the normal operating hours?,ask_operating_hours
What time does it open on weekends?,ask_operating_hours
What time does it close on Sunday?,ask_operating_hours
Opening schedule during Eid holidays,ask_operating_hours
Complete operating hours info,ask_operating_hours
When does this place start opening?,ask_operating_hours
What time can I visit?,ask_operating_hours
Is it still open at night?,ask_operating_hours
What is the earliest operating hour?,ask_operating_hours
What time does the ticket counter close?,ask_operating_hours
Is it open on Mondays?,ask_operating_hours
Operating hours of nature tourism,ask_operating_hours
How long is this place open every day?,ask_operating_hours
Info on operational time of the destination,ask_operating_hours
Last visiting hour limit,ask_operating_hours
Operational schedule of the recreation place,ask_operating_hours
How much is the entrance ticket for Punti Kayu?,ask_ticket_price
How much to enter Kemaro Island?,ask_ticket_price
What is the entrance fee for the SMB II Museum?,ask_ticket_price
Entrance ticket for Jakabaring Sport City,ask_ticket_price
Is Ampera Bridge free or paid?,ask_ticket_price
Entrance fee for Siguntang Hill,ask_ticket_price
Ticket price for Al-Akbar Giant Quran,ask_ticket_price
How much is the entrance fee to Monpera?,ask_ticket_price
Entrance ticket to Balaputra Dewa Museum,ask_ticket_price
Price info for historical tourism tickets,ask_ticket_price
Do I have to pay to enter BKB?,ask_ticket_price
Does Kambang Iwak have an entrance ticket?,ask_ticket_price
How much does it cost to enter Kampung Kapitan?,ask_ticket_price
Palembang LRT ticket price,ask_ticket_price
Entrance fee for nature tourist spots,ask_ticket_price
How much is the ticket for children?,ask_ticket_price
Is there a student discount for the entrance ticket?,ask_ticket_price
Parking fee and entrance ticket,ask_ticket_price
Is the weekend ticket price different from weekdays?,ask_ticket_price
Details of tourism entrance fees,ask_ticket_price
What budget is needed for the ticket?,ask_ticket_price
Cheapest ticket price,ask_ticket_price
Admission tariff for tourist locations,ask_ticket_price
Latest entrance fee info,ask_ticket_price
How many rupiahs is the entrance ticket?,ask_ticket_price
Is the entrance ticket expensive?,ask_ticket_price
Retribution fee to enter the tourism spot,ask_ticket_price
Group entrance ticket price,ask_ticket_price
Entrance fee on national holidays,ask_ticket_price
List of Palembang tourism ticket prices,ask_ticket_price
How much is the ticket to enter there?,ask_ticket_price
Entrance tariff for foreign tourists,ask_ticket_price
How much is the admission ticket?,ask_ticket_price
Info on ticket costs and facilities,ask_ticket_price
Entrance ticket price for religious tourism,ask_ticket_price
Entrance fee for historical places,ask_ticket_price
How much is the admission to this place?,ask_ticket_price
Check the entrance ticket price please,ask_ticket_price
Please info the entrance tariff,ask_ticket_price
Is entry free or paid?,ask_ticket_price
Admission access cost,ask_ticket_price
Ticket price during the weekend,ask_ticket_price
How much money to buy a ticket?,ask_ticket_price
Entrance fee for family tourist spots,ask_ticket_price
Latest Punti Kayu entrance ticket price,ask_ticket_price
How much is the entrance ticket?,ask_ticket_price
Ticket price info please,ask_ticket_price
How much is the entrance fee per person?,ask_ticket_price
Adult entrance ticket tariff,ask_ticket_price
How much is the entrance fee for this destination?,ask_ticket_price
How to get to Ampera Bridge?,ask_location_access
Route to Kemaro Island from the airport,ask_location_access
Complete address of SMB II Museum,ask_location_access
How to go to Punti Kayu by public transport,ask_location_access
Where is the location of Jakabaring Sport City?,ask_location_access
Road access to Siguntang Hill,ask_location_access
Please give me the route to Al-Akbar Giant Quran,ask_location_access
Directions to Benteng Kuto Besak,ask_location_access
How to get to Monpera?,ask_location_access
Address of Balaputra Dewa Museum please,ask_location_access
Fastest route to Kambang Iwak,ask_location_access
Location of Palembang Grand Mosque,ask_location_access
How to cross to Kampung Kapitan,ask_location_access
Access to the tourist location,ask_location_access
What transportation to take there?,ask_location_access
Which area is it located in?,ask_location_access
Detailed address please,ask_location_access
Road route to the tourist spot,ask_location_access
Direction guide to the location,ask_location_access
How to access this destination,ask_location_access
Where is it located near to?,ask_location_access
What is the landmark?,ask_location_access
Direction to the tourist place,ask_location_access
How do I get there?,ask_location_access
Please share the location route,ask_location_access
Is the road access good?,ask_location_access
Can cars pass through the road?,ask_location_access
Is there public transportation to get there?,ask_location_access
Where exactly is it located?,ask_location_access
Route from the train station,ask_location_access
How to get there from the city center,ask_location_access
The location address please,ask_location_access
Where is the exact location point?,ask_location_access
Route guide for motorcycles,ask_location_access
Easy way to get there,ask_location_access
Vehicle access to the tourist spot,ask_location_access
Alternative route to the location,ask_location_access
Is it far from Ampera?,ask_location_access
Address of the historical tourist spot,ask_location_access
How to reach the location,ask_location_access
Directions using Google Maps,ask_location_access
Can I take an online motorcycle taxi there?,ask_location_access
Where is the exact location?,ask_location_access
Entrance access to the tourist spot,ask_location_access
Travel route to the destination,ask_location_access
How to go to the holiday location,ask_location_access
Address of the recreation place,ask_location_access
Transportation guide to get there,ask_location_access
Route and address info,ask_location_access
How to arrive at the destination,ask_location_access
Location of the tourist destination,ask_location_access
Road access to the tourist attraction,ask_location_access
Are there public toilets at Punti Kayu?,ask_facilities
What facilities are there on Kemaro Island?,ask_facilities
Is there a prayer room in the SMB II Museum?,ask_facilities
Is the parking lot in Jakabaring spacious?,ask_facilities
Are there places to eat around Benteng Kuto Besak?,ask_facilities
Facilities at Ampera Bridge,ask_facilities
Are there wheelchairs for the elderly at the museum?,ask_facilities
Worship facilities at the tourist location,ask_facilities
Is there an information center there?,ask_facilities
Is there bicycle rental at Kambang Iwak?,ask_facilities
Public facilities at the Al-Akbar Giant Quran,ask_facilities
Are there lockers available for luggage?,ask_facilities
Tourism facilities at Siguntang Hill,ask_facilities
Are there gazebos for resting?,ask_facilities
Are there health or first aid facilities?,ask_facilities
Are the bathrooms clean?,ask_facilities
Is the car parking facility safe?,ask_facilities
Is there free wifi there?,ask_facilities
Supporting facilities at the tourist spot,ask_facilities
Is there a changing room?,ask_facilities
Are there facilities for children?,ask_facilities
Are there snack stalls inside?,ask_facilities
Is there a nearby ATM available?,ask_facilities
Cleanliness facilities at the location,ask_facilities
Complete facilities info please,ask_facilities
Is there a helmet deposit place?,ask_facilities
Facilities in the nature tourism area,ask_facilities
Are there special photo spots available?,ask_facilities
Is there a tour guide?,ask_facilities
Facilities for people with disabilities,ask_facilities
Toilet availability info,ask_facilities
Prayer room and ablution facilities,ask_facilities
Is there a nursery room?,ask_facilities
Tourist bus parking facilities,ask_facilities
Are there relaxing seating areas there?,ask_facilities
Are there enough trash can facilities?,ask_facilities
Are there souvenir shops inside?,ask_facilities
Security facilities at the tourist spot,ask_facilities
Are there electrical outlets for charging?,ask_facilities
Are there clean water facilities?,ask_facilities
Info on public facilities there,ask_facilities
Are there lifeguards?,ask_facilities
Are there mat rental facilities?,ask_facilities
Completeness of tourism facilities,ask_facilities
Are the facilities well-maintained?,ask_facilities
Recreation supporting facilities,ask_facilities
Is there a tourist information center?,ask_facilities
Motorcycle parking facilities info,ask_facilities
Is the prayer room facility clean?,ask_facilities
Availability of public facilities,ask_facilities
Are there hidden gems in Palembang?,ask_hidden_gems
Recommend hidden tourist spots please,ask_hidden_gems
Tourist places that not many people know about,ask_hidden_gems
Nature tourism hidden gems in Palembang,ask_hidden_gems
Looking for a quiet place for healing in Palembang,ask_hidden_gems
Anti-mainstream tourism in Palembang,ask_hidden_gems
Secret places that are good for photos,ask_hidden_gems
Recommend culinary hidden gems,ask_hidden_gems
Tourist destinations rarely visited by tourists,ask_hidden_gems
Unique tourist spots that haven't gone viral yet,ask_hidden_gems
Are there secret tourist spots?,ask_hidden_gems
Looking for a hidden gem place,ask_hidden_gems
Tourism that has few visitors but is nice,ask_hidden_gems
Recommend authentic local tourist spots,ask_hidden_gems
Palembang hidden gems that must be visited,ask_hidden_gems
Hidden tourist spots for the weekend,ask_hidden_gems
Nature tourism that is still pristine and quiet,ask_hidden_gems
Any recommendations for anti-mainstream places?,ask_hidden_gems
Places suitable for being alone,ask_hidden_gems
Hidden gems in the middle of Palembang city,ask_hidden_gems
Palembang's secret tourist destinations,ask_hidden_gems
Aesthetic places that not many people know,ask_hidden_gems
Looking for hidden gem locations,ask_hidden_gems
Hidden gem tourism with easy access,ask_hidden_gems
Tourist places that are still untouched,ask_hidden_gems
Are there hidden gem photo spots?,ask_hidden_gems
Secret tourism recommendations please,ask_hidden_gems
Places not yet in the tourism guidebook,ask_hidden_gems
Hidden gems close to the city,ask_hidden_gems
Looking for good hidden tourism,ask_hidden_gems
Holiday places that are not too crowded,ask_hidden_gems
Anti-mainstream destinations in Palembang,ask_hidden_gems
Hidden gems for hanging out,ask_hidden_gems
Historical tourism that is rarely looked at,ask_hidden_gems
Hidden places with beautiful scenery,ask_hidden_gems
Recommend secret spots in Palembang,ask_hidden_gems
Looking for places without many tourists,ask_hidden_gems
Hidden gem tourism for families,ask_hidden_gems
Are there any hidden destinations?,ask_hidden_gems
Places that are rarely exposed,ask_hidden_gems
Recommend cheap hidden places,ask_hidden_gems
Hidden gems on the outskirts of Palembang,ask_hidden_gems
Looking for quiet tourism,ask_hidden_gems
Places to stroll that are not popular yet,ask_hidden_gems
Hidden gem tourism that is a must-visit,ask_hidden_gems
Are there fun secret tourist places?,ask_hidden_gems
Hidden spot recommendations,ask_hidden_gems
Destinations that are still quiet,ask_hidden_gems
Good places that are not mainstream,ask_hidden_gems
Looking for the nearest hidden gem,ask_hidden_gems
Which tourist attractions are near LRT stations?,ask_lrt_destinations
Can you tell me tourist spots passed by the LRT?,ask_lrt_destinations
Palembang tourist destinations accessible by LRT,ask_lrt_destinations
If I want to travel by LRT where should I get off?,ask_lrt_destinations
LRT stations near tourist spots,ask_lrt_destinations
Holiday recommendations accessible by LRT,ask_lrt_destinations
Are there historical tours near the LRT route?,ask_lrt_destinations
Want to go around Palembang by LRT what are the destinations?,ask_lrt_destinations
Family tourism near LRT stations,ask_lrt_destinations
List of Palembang LRT tourist destinations,ask_lrt_destinations
How to get to tourist spots using LRT,ask_lrt_destinations
Which station to get off at if I want to go to Ampera?,ask_lrt_destinations
Nearest LRT station from Jakabaring,ask_lrt_destinations
Culinary tourism that can be reached by LRT,ask_lrt_destinations
Hangout places near LRT stations,ask_lrt_destinations
Taking the LRT to Benteng Kuto Besak where do I get off?,ask_lrt_destinations
LRT access to Punti Kayu,ask_lrt_destinations
Palembang tourism on the LRT route,ask_lrt_destinations
Cheap traveling by LRT where is it good to go?,ask_lrt_destinations
Tourism info around LRT stations,ask_lrt_destinations
Is there nature tourism near the LRT?,ask_lrt_destinations
Destinations easily accessible by LRT,ask_lrt_destinations
Popular places in Palembang near LRT,ask_lrt_destinations
Palembang LRT tourism guide,ask_lrt_destinations
What tourist spots does the Palembang LRT pass by?,ask_lrt_destinations
Bumi Sriwijaya station is near what tourism?,ask_lrt_destinations
LRT routes passing historical places,ask_lrt_destinations
Where to go riding the LRT in Palembang,ask_lrt_destinations
Shopping tourism near LRT stations,ask_lrt_destinations
Taking the LRT to the SMB II Museum,ask_lrt_destinations
LRT transportation access to tourist spots,ask_lrt_destinations
List of LRT stops and nearby tourist attractions,ask_lrt_destinations
Going around the city by LRT where should I stop?,ask_lrt_destinations
Religious tourism near the LRT route,ask_lrt_destinations
From the airport LRT station where can I go for tourism?,ask_lrt_destinations
Favorite destinations for LRT users,ask_lrt_destinations
Kid-friendly tourist places near LRT,ask_lrt_destinations
LRT schedule and tourist locations,ask_lrt_destinations
Getting off at Ampera station where can I go?,ask_lrt_destinations
Palembang tourist locations via LRT,ask_lrt_destinations
Take the LRT train to tourist spots,ask_lrt_destinations
Hidden tourism near LRT stations,ask_lrt_destinations
Recommendations for afternoon strolls taking the LRT,ask_lrt_destinations
Good photo spots near the LRT route,ask_lrt_destinations
LRT transportation for tourists,ask_lrt_destinations
Pempek culinary tourism near LRT stations,ask_lrt_destinations
LRT reach to recreation places,ask_lrt_destinations
DJKA station is close to what tourism?,ask_lrt_destinations
Easy access to Palembang tourism with LRT,ask_lrt_destinations
Must-visit tourist places via LRT,ask_lrt_destinations
The app is really helpful for traveling,provide_feedback
The app UI is very neat exactly like my Figma design,provide_feedback
The chatbot is very smart at giving recommendations,provide_feedback
The itinerary builder feature is very useful,provide_feedback
Good app the information is complete,provide_feedback
This app makes it very easy to find tourist spots,provide_feedback
Cool app the UI UX is smooth,provide_feedback
The chatbot loading is a bit slow,provide_feedback
Please add more hidden gems,provide_feedback
Really like the dark mode feature,provide_feedback
This Jelajahi app is awesome,provide_feedback
Very helped by the info from the chatbot,provide_feedback
A great app for tourists,provide_feedback
The app is quite informative,provide_feedback
The chatbot response is very fast,provide_feedback
The destination card design is attractive,provide_feedback
The interactive map feature is accurate,provide_feedback
Really like this app,provide_feedback
Very helpful when vacationing in Palembang,provide_feedback
The ticket price information is very accurate,provide_feedback
Thank you the app is useful,provide_feedback
Just a suggestion make the photos more HD,provide_feedback
Best tourism app so far,provide_feedback
Good but sometimes the chatbot answers wrong,provide_feedback
This app is a must-download for those going to Palembang,provide_feedback
The UI is simple and easy to use,provide_feedback
The review feature helps in choosing destinations,provide_feedback
Cool it can recognize slang too,provide_feedback
Very satisfied using this application,provide_feedback
The opening hours information is very fitting,provide_feedback
This app is highly recommended,provide_feedback
The chatbot is friendly and provides solutions,provide_feedback
Very good for finding tourism info,provide_feedback
Helped me plan my vacation,provide_feedback
A very innovative application,provide_feedback
Like the language translation feature,provide_feedback
A very complete tourism application,provide_feedback
Makes it very easy for backpackers,provide_feedback
The app's UI UX is top notch,provide_feedback
The destination information is very up to date,provide_feedback
Very impressed with this AI chatbot,provide_feedback
A very useful application,provide_feedback
The search feature is fast and accurate,provide_feedback
Very helpful for getting around Palembang,provide_feedback
The app is lightweight and not laggy,provide_feedback
Very good innovation,provide_feedback
Helps both local and foreign tourists,provide_feedback
This app is very user-friendly,provide_feedback
The experience of using the app is pleasant,provide_feedback
A highly recommended application,provide_feedback
Thank you for the info,goodbye
Thanks a lot bot,goodbye
Okay thank you,goodbye
Thanks,goodbye
Alright thanks,goodbye
Thanks,goodbye
Thank you bot,goodbye
Thanks chatbot,goodbye
See you later,goodbye
Bye,goodbye
Bye bye,goodbye
Okay then thanks,goodbye
Thank you for the help,goodbye
Very helpful thank you,goodbye
Alright thank you for the info,goodbye
Alright thanks,goodbye
Thanks a lot,goodbye
Thank you admin,goodbye
Okay thanks for the info,goodbye
Ty,goodbye
Thx,goodbye
Thanks the info is very useful,goodbye
Okay bye,goodbye
See you again,goodbye
Thank you good afternoon,goodbye
Thanks smart bot,goodbye
Great the info is complete thanks,goodbye
Thank you for the suggestion,goodbye
Okay thanks for the recommendation,goodbye
Thanks a lot admin bot,goodbye
Thank you Jelajahi,goodbye
Okay I will take my leave,goodbye
Thanks for the information,goodbye
Thank you for answering,goodbye
Thank you very informative,goodbye
Thanks bot see you,goodbye
Alright thank you,goodbye
Thank you for the guide,goodbye
Thanks a lot for the help,goodbye
Okay that's enough thank you,goodbye
Thank you and see you,goodbye
Thanks so much,goodbye
Thanks a lot,goodbye
Thank you very much,goodbye
Thank you very much,goodbye
Okay great thank you,goodbye
Thank you for the info bot,goodbye
Thanks a lot,goodbye
Thank you good night,goodbye
Thanks for your time,goodbye